label,start,end
G#,0.0,8.421052631578947
C#7,8.421052631578947,12.631578947368421
G#,12.631578947368421,16.842105263157894
D#,16.842105263157894,18.94736842105263
C#7,18.94736842105263,21.052631578947366
G#,21.052631578947366,25.25840000000005
