label,start,end
C7,0.0,9.896907216494846
F7,9.896907216494846,14.845360824742269
C7,14.845360824742269,19.79381443298969
G,19.79381443298969,22.2680412371134
F7,22.2680412371134,24.742268041237114
C,24.742268041237114,29.6884
