label,start,end
D7,0.0,7.384615384615385
G7,7.384615384615385,11.076923076923077
D7,11.076923076923077,14.76923076923077
A,14.76923076923077,16.615384615384617
G,16.615384615384617,18.461538461538463
D,18.461538461538463,22.147199999999998
