label,start,end
B,0.0,4.8
E,4.8,7.199999999999999
B,7.199999999999999,9.6
F#,9.6,10.799999999999999
E,10.799999999999999,12.0
B,12.0,14.399999999999977
