label,start,end
D,0.0,7.384615384615385
G,7.384615384615385,11.076923076923077
D,11.076923076923077,14.76923076923077
A,14.76923076923077,16.615384615384617
GM7,16.615384615384617,18.461538461538463
D,18.461538461538463,22.147199999999998
