label,start,end
F#,0.0,6.530612244897959
B,6.530612244897959,9.795918367346939
F#,9.795918367346939,13.061224489795919
C#7,13.061224489795919,14.693877551020408
B,14.693877551020408,16.3265306122449
F#,16.3265306122449,19.5856
