label,start,end
C,0.0,1.6
G,1.6,3.2
Am,3.2,4.800000000000001
E,4.800000000000001,6.4
F,6.4,8.0
C,8.0,9.600000000000001
F,9.600000000000001,11.200000000000001
G,11.200000000000001,12.8
C,12.8,14.4
G,14.4,16.0
Am,16.0,17.6
E,17.6,19.200000000000003
F,19.200000000000003,20.8
C,20.8,22.400000000000002
F,22.400000000000002,24.0
G,24.0,25.600000000000023
