label,start,end
C#,0.0,10.666666666666666
F#,10.666666666666666,16.0
C#,16.0,21.333333333333332
G#,21.333333333333332,24.0
F#sus2,24.0,26.666666666666664
C#,26.666666666666664,31.999999999999993
