label,start,end
D#M7,0.0,7.441860465116279
G#M7,7.441860465116279,11.162790697674419
D#M7,11.162790697674419,14.883720930232558
A#7,14.883720930232558,16.74418604651163
G#M7,16.74418604651163,18.6046511627907
D#M7,18.6046511627907,22.32439999999997
