label,start,end
D,0.0,7.384615384615385
G6,7.384615384615385,11.076923076923077
D9,11.076923076923077,14.76923076923077
A7,14.76923076923077,16.615384615384617
G9,16.615384615384617,18.461538461538463
D9,18.461538461538463,22.147199999999998
