label,start,end
CM7,0.0,1.6
G7,1.6,3.2
Am7,3.2,4.800000000000001
Em7,4.800000000000001,6.4
F,6.4,8.0
CM7,8.0,9.600000000000001
Fsus2,9.600000000000001,11.200000000000001
G7,11.200000000000001,12.8
CM7,12.8,14.4
G7,14.4,16.0
Am7,16.0,17.6
Esus4,17.6,19.200000000000003
FM9,19.200000000000003,20.8
CM7,20.8,22.400000000000002
FM7,22.400000000000002,24.0
G7,24.0,25.600000000000023
