label,start,end
C#,0.0,10.666666666666666
F#7,10.666666666666666,16.0
C#sus2,16.0,21.333333333333332
G#7,21.333333333333332,24.0
F#7,24.0,26.666666666666664
C#,26.666666666666664,31.999999999999993
