label,start,end
E7,0.0,14.117647058823529
A7,14.117647058823529,21.176470588235293
E7,21.176470588235293,28.235294117647058
B7,28.235294117647058,31.764705882352942
A7,31.764705882352942,35.294117647058826
E7,35.294117647058826,42.34640000000002
