label,start,end
F#M7,0.0,6.530612244897959
BM7,6.530612244897959,9.795918367346939
F#M7,9.795918367346939,13.061224489795919
C#M7,13.061224489795919,14.693877551020408
BM7,14.693877551020408,16.3265306122449
F#M7,16.3265306122449,19.5856
