label,start,end
B7,0.0,4.8
Esus2,4.8,7.199999999999999
B7,7.199999999999999,9.6
F#,9.6,10.799999999999999
E,10.799999999999999,12.0
B7,12.0,14.399999999999977
