label,start,end
A,0.0,7.384615384615385
D,7.384615384615385,11.076923076923077
A,11.076923076923077,14.76923076923077
E,14.76923076923077,16.615384615384617
Dsus2,16.615384615384617,18.461538461538463
A,18.461538461538463,22.1472
