label,start,end
D#6,0.0,7.441860465116279
G#7,7.441860465116279,11.162790697674419
D#sus2,11.162790697674419,14.883720930232558
A#sus4,14.883720930232558,16.74418604651163
G#sus2,16.74418604651163,18.6046511627907
D#M9,18.6046511627907,22.32439999999997
