label,start,end
F#,0.0,6.530612244897959
Bsus4,6.530612244897959,9.795918367346939
F#M7,9.795918367346939,13.061224489795919
C#9,13.061224489795919,14.693877551020408
B9,14.693877551020408,16.3265306122449
F#6,16.3265306122449,19.5856
