label,start,end
C6,0.0,9.896907216494846
Fm6,9.896907216494846,14.845360824742269
C6,14.845360824742269,19.79381443298969
G7,19.79381443298969,22.2680412371134
F9,22.2680412371134,24.742268041237114
C6,24.742268041237114,29.6884
