label,start,end
B7,0.0,4.8
E9,4.8,7.199999999999999
Bsus4,7.199999999999999,9.6
F#sus4,9.6,10.799999999999999
Esus2,10.799999999999999,12.0
Bsus4,12.0,14.399999999999977
