label,start,end
CM7,0.0,1.6
G9,1.6,3.2
Am,3.2,4.800000000000001
Em7,4.800000000000001,6.4
FM7,6.4,8.0
CM7,8.0,9.600000000000001
FM7,9.600000000000001,11.200000000000001
G7,11.200000000000001,12.8
CM7,12.8,14.4
G9,14.4,16.0
Am9,16.0,17.6
Em7,17.6,19.200000000000003
F,19.200000000000003,20.8
CM7,20.8,22.400000000000002
F6,22.400000000000002,24.0
G7,24.0,25.600000000000023
