label,start,end
C#,0.0,9.6
F#,9.6,14.399999999999999
C#,14.399999999999999,19.2
G#,19.2,21.599999999999998
F#,21.599999999999998,24.0
C#,24.0,28.80000000000001
